codigo_categoria,nombre_categoria,abreviatura,estado,descripcion
1,Landscaping & Irrigation,YIST,true,Choroidal detachment NOS
2,Granite Surfaces,GXEX,true,Typhus NOS
3,Rebar & Wire Mesh Install,PNCU,false,Pulmon artery aneurysm
4,Overhead Doors,MFSA,true,Path resorption-external
5,Curb & Gutter,IPYU,false,Mult gestation NOS-deliv
6,Plumbing & Medical Gas,OUPC,true,Benign hypertension
7,Drilled Shafts,ZAFC,true,Lung contusion-open
8,"Temp Fencing, Decorative Fencing and Gates",OUSQ,false,"BMI,pediatric 5% - <85%"
9,Framing (Steel),JSJW,false,Vasc comp med care NEC
10,Roofing (Metal),YLUW,true,Disloc 7th cerv vert-opn
11,Sitework & Site Utilities,TICM,false,Traum arthropathy-mult
12,Roofing (Asphalt),IUWU,true,Ganglion of joint
13,Prefabricated Aluminum Metal Canopies,NCQH,false,"Angioid streaks, choroid"
14,Fire Sprinkler System,LPIK,true,Gstrontest vesl anomaly
15,Site Furnishings,ZWIV,true,Ben neo nasal cav/sinus
16,Drywall & Acoustical (FED),NTCE,false,Labyrinthitis NOS
17,Fire Protection,LQCF,true,Del w 3 deg lac-postpart
18,Landscaping & Irrigation,UAUH,true,Disorders breast NEC
19,Drilled Shafts,COJK,true,"Amput below elb, unilat"
20,Retaining Wall and Brick Pavers,JKCQ,false,Mal neo lower lobe lung
21,Fire Protection,WMQC,false,Mooren's ulcer
22,Masonry & Precast,TTBU,false,Chr erythrmia in relapse
23,Drywall & Acoustical (MOB),FDMF,false,Illeg ab w hemorr-inc
24,"Doors, Frames & Hardware",OHBP,false,Fx facial bone NEC-open
25,Construction Clean and Final Clean,BSSU,true,TB encephalitis-micro dx
26,Exterior Signage,HKVC,false,Vocal cord paralysis NOS
27,HVAC,EUTK,true,Yatapoxvirus infectn NOS
28,Prefabricated Aluminum Metal Canopies,CSJA,true,Circulatory anomaly NEC
29,Fire Sprinkler System,OVRU,true,Iatrogenic pituitary dis
30,RF Shielding,OPSS,false,Glaucoma w systemic synd
31,RF Shielding,REIT,false,Prophylac fluoride admin
32,Fire Protection,QLOG,false,Placenta prev hem-deliv
33,Hard Tile & Stone,YZKY,true,Miliary TB NEC-cult dx
34,Glass & Glazing,YAWV,false,Lattice degeneration
35,Waterproofing & Caulking,ROJK,true,Fire not in building
36,Roofing (Asphalt),WKPR,true,Histoplasm caps pericard
37,"Temp Fencing, Decorative Fencing and Gates",SMAC,true,Sebaceous gland dis NEC
38,Retaining Wall and Brick Pavers,ECWU,false,Delay conjugat jaund NEC
39,Plumbing & Medical Gas,CCVN,true,Fx distal radius NEC-opn
40,Drywall & Acoustical (FED),XMJD,false,Polycystic ovaries
41,Termite Control,UMKF,false,Kidney hematoma-closed
42,Glass & Glazing,JFVJ,true,Old lacer pelvic muscle
43,Drilled Shafts,PAKB,true,Acc pois-chlorine pestic
44,Rebar & Wire Mesh Install,PJBP,false,Toxic shock syndrome
45,"Temp Fencing, Decorative Fencing and Gates",OIJU,false,Joint dis NOS-hand
46,Landscaping & Irrigation,FAIE,true,Thrt prem labor-antepart
47,Waterproofing & Caulking,GEBB,true,Coxsackie virus mening
48,Termite Control,ASTS,false,Chldhd onset flncy disor
49,Granite Surfaces,SVRW,false,Communic dis contact NOS
50,Drilled Shafts,SAOC,false,Venous tributary occlus
51,Drywall & Acoustical (FED),FHAY,false,Ankylosis-joint NEC
52,Soft Flooring and Base,YTHH,true,Jt contracture-unspec
53,Sitework & Site Utilities,SRVH,true,Mal neo bladder-dome
54,Landscaping & Irrigation,VNBR,true,Medulloadrenal hyperfunc
55,RF Shielding,MTZU,false,Subtrochanteric fx-close
56,Structural & Misc Steel Erection,KMIC,true,Cl skl vlt fx/cerebr lac
57,Structural and Misc Steel (Fabrication),NSXV,true,Substance abuse-family
58,Ornamental Railings,MXQW,false,Recur dislocat-up/arm
59,Electrical,USWB,true,Abdmnal tndr lt lwr quad
60,Exterior Signage,TYHN,false,Oth imnprlf neo-relapse
61,Ornamental Railings,TVLI,false,Sec malig neo sm bowel
62,Framing (Wood),CBBD,false,Organic sleep apnea NEC
63,Prefabricated Aluminum Metal Canopies,NNIG,false,Pap smear (ASC-US)
64,Prefabricated Aluminum Metal Canopies,TAUR,false,Fx fibula NOS-open
65,Masonry,LFUC,false,Breast engorge-delivered
66,Wall Protection,TTUH,false,Shldr/upper arm inj NOS
67,Drywall & Acoustical (FED),VVXN,false,Tick-borne enceph NOS
68,Framing (Steel),KVUZ,true,Gc sem vesiculit (acute)
69,Curb & Gutter,CRTY,true,Malig neopl-transp organ
70,"Temp Fencing, Decorative Fencing and Gates",KWVV,true,Ca in situ skin face NEC
71,Electrical,FKEJ,true,Vis/ultraviol lght expos
72,Retaining Wall and Brick Pavers,LBAL,false,Ac myocardit in oth dis
73,Prefabricated Aluminum Metal Canopies,MZUZ,true,Trichomonal prostatitis
74,Termite Control,OLKG,false,Mitral/aortic stenosis
75,Drilled Shafts,WGRE,true,Allerg arthritis-l/leg
76,Masonry & Precast,TRMY,false,Fx upper humerus NEC-opn
77,"Temp Fencing, Decorative Fencing and Gates",MHFX,true,Tabes dorsalis
78,Glass & Glazing,FIYV,true,Retinoph prematurity NOS
79,Retaining Wall and Brick Pavers,TLNC,true,Anomalies of diaphragm
80,Asphalt Paving,KEYI,true,Adv eff skin agent NOS
81,EIFS,GJGK,true,Cryptogenic organiz pneu
82,Roofing (Metal),UMBD,true,Arthrop w oth dis NEC
83,Roofing (Asphalt),KYUL,false,Disl interphaln hand-opn
84,Exterior Signage,FIGP,true,Smell & taste disturb
85,Masonry,TKRN,false,Request expert evidence
86,Ornamental Railings,SWUH,false,Intrauterine death-unsp
87,Painting & Vinyl Wall Covering,SIXA,false,Bipol I cur depres NOS
88,Asphalt Paving,IIUS,false,Crowd accidnt w sub fall
89,Hard Tile & Stone,GHSK,true,Mandibular hypoplasia
90,Roofing (Asphalt),YJGY,false,Fitting artificial leg
91,Termite Control,SBLN,false,Choledochlith NOS w obst
92,Masonry,BOVU,true,2nd deg burn head NOS
93,Structural and Misc Steel (Fabrication),XEXS,true,Bacterial meningitis NOS
94,Structural & Misc Steel Erection,ZPCI,false,Dis calcium metablsm NEC
95,Wall Protection,BPCH,false,Opportunistic mycoses
96,Soft Flooring and Base,BICY,false,Legal intervention NOS
97,Electrical and Fire Alarm,DFGV,false,Palindrom rheum-jt NEC
98,Casework,FDLN,true,TB of adrenal-no exam
99,Glass & Glazing,XFOV,false,Illeg ab w embolism-inc
100,Fire Protection,RSDX,true,Lower limb anomaly NEC
101,Roofing (Metal),YNPT,true,Pois-mix bacter vaccines
102,Sitework & Site Utilities,GOGL,false,Cutan leishmanias asian
103,Wall Protection,FQBK,true,Cystitis cystica
104,Site Furnishings,MSXO,false,Mal neo thorax/resp NEC
105,Hard Tile & Stone,AYWR,false,Trichostrongyliasis
106,Marlite Panels (FED),BDNS,true,Mgrn wo aura wo ntrc mgr
107,Painting & Vinyl Wall Covering,GDUG,false,Malig neo cervix NEC
108,Glass & Glazing,HUEX,true,Chr pelv periton NEC-fem
109,Electrical and Fire Alarm,OGXK,true,Cervical root injury
110,Roofing (Metal),GOEH,true,Menstl mgrn w ntrc wo st
111,Soft Flooring and Base,NZSI,true,Surgical complicat NOS
112,Waterproofing & Caulking,PORI,false,Paving stone degenerat
113,Landscaping & Irrigation,UMVA,false,Integument anomaly NOS
114,"Doors, Frames & Hardware",ECVF,true,Screen-iron defic anemia
115,Roofing (Metal),AANL,false,Neutropenia d/t infectn
116,Rebar & Wire Mesh Install,ZADV,false,Dissociative react NOS
117,Framing (Wood),ATTN,true,Nonparaly polio-type NOS
118,Landscaping & Irrigation,UJXZ,true,Intraocular FB NOS
119,Electrical and Fire Alarm,WOJZ,false,Transient global amnesia
120,Drywall & Acoustical (MOB),AZJV,true,Adv eff diphther vaccine
121,Exterior Signage,IGIP,true,Amputation finger-compl
122,Framing (Wood),QFLU,true,"Part edentulism,class I"
123,"Doors, Frames & Hardware",BITU,true,Opn skul base fx-concuss
124,Drilled Shafts,GXAM,true,NB subarachnoid hemorr
125,EIFS,YCOG,true,Fetal cns malform-unspec
126,Fire Sprinkler System,YBDV,false,Sft tisue - kpsi's srcma
127,Construction Clean and Final Clean,FXWK,false,Fit/adjust device NOS
128,Plumbing & Medical Gas,KZZM,false,Epidem keratoconjunctiv
129,"Doors, Frames & Hardware",DBXO,false,Derang lat meniscus NEC
130,Rebar & Wire Mesh Install,SYPZ,true,Toxic effect of tobacco
131,Glass & Glazing,CSFI,true,"BMI,pediatric 5% - <85%"
132,"Doors, Frames & Hardware",CNGQ,false,Upper limb anomaly NEC
133,Granite Surfaces,LQJA,true,Abrasion-dentine
134,Drilled Shafts,FQGT,false,Actinomycosis NEC
135,Landscaping & Irrigation,MKZK,false,Obst def ren plv&urt NEC
136,Wall Protection,ZPEV,true,Opn cort contu-deep coma
137,Casework,MBEV,false,Cord prolapse-unspec
138,"Temp Fencing, Decorative Fencing and Gates",COPB,true,Adv eff antiviral drugs
139,Termite Control,XAAE,true,TB lung cavity-exam unkn
140,Framing (Steel),ZBZK,false,Disloc mlt cerv vert-opn
141,Fire Sprinkler System,PFUS,true,Sleep rel move disor NOS
142,Exterior Signage,HQZM,false,Dengue
143,Soft Flooring and Base,XVEQ,false,"Nephrotic syn, prolifer"
144,Wall Protection,SURJ,true,Ot sp hmiplg nondmnt sde
145,Asphalt Paving,CEPU,false,Malfunction iud
146,Masonry,DYNI,true,Acc cut in med care NEC
147,Overhead Doors,HGVX,true,Partial third nerv palsy
148,Plumbing & Medical Gas,DEOD,true,Bronchiectas w/o ac exac
149,Electrical,ICFY,false,Late ef-mplga up lmb dom
150,Casework,ACXQ,true,Hip & thigh injury NOS
151,Prefabricated Aluminum Metal Canopies,CZCS,false,Cor biloculare
152,Soft Flooring and Base,OBYY,true,Oth prblms rltd lfstyle
153,Rebar & Wire Mesh Install,LFJT,true,Intraocular FB NOS
154,Drywall & Acoustical (FED),LGOK,false,Colon inj mult site-clos
155,Hard Tile & Stone,RMMS,false,Mgrn unsp w ntrc mgr std
156,Termite Control,FQYL,true,Disloc acromioclavic-opn
157,Structural & Misc Steel Erection,UNPD,true,Tooth position anom NOS
158,Sitework & Site Utilities,TCDN,true,Reduction deform leg NOS
159,Soft Flooring and Base,QTVC,false,Bipol I sing man rem NOS
160,Fire Protection,AUBR,true,Toxic effect chromium
161,Masonry & Precast,MUVE,false,"Esophagitis, unspecified"
162,Marlite Panels (FED),YLOL,false,"Heat fatigue, transient"
163,Marlite Panels (FED),JGUE,true,Serratia septicemia
164,Prefabricated Aluminum Metal Canopies,XDHO,false,Cardiorespirat probl NEC
165,Site Furnishings,WEVY,true,Breast dis NEC-postpart
166,Wall Protection,ZEFV,false,Unpower aircraft acc-occ
167,Framing (Wood),BWIS,false,Open anterior occlusion
168,Glass & Glazing,OHVY,false,Cl skul base fx w/o coma
169,Structural & Misc Steel Erection,CIME,true,3rd deg burn w loss-ear
170,Structural and Misc Steel (Fabrication),BLWE,true,Postpart coagul def-unsp
171,Hard Tile & Stone,OXGF,true,Fx radius head-open
172,Glass & Glazing,WTKH,false,Oth coll mov obj-st car
173,Hard Tile & Stone,TJKQ,false,Precipitate labor-unspec
174,HVAC,YUHZ,true,Malig neo retromolar
175,Hard Tile & Stone,FTKN,true,"Subendo infarct, subseq"
176,Elevator,VXUP,true,Vasc dementia w delirium
177,Landscaping & Irrigation,UCDF,true,Screen-gentc dis carrier
178,Structural & Misc Steel Erection,RXKA,false,Extreme immat 2000-2499g
179,Drywall & Acoustical (FED),XMMB,true,Petit mal status
180,EIFS,WSTV,true,Orthopoxvirus infect NEC
181,Overhead Doors,KAFT,true,Mv coll NOS-anim rid
182,"Temp Fencing, Decorative Fencing and Gates",KEEW,true,Anemia-delivered
183,Construction Clean and Final Clean,GXET,false,Ctrct frgmt frm ctr surg
184,"Doors, Frames & Hardware",UXST,true,TB of kidney-histo dx
185,Curb & Gutter,TPCY,false,Adverse effect NEC
186,Prefabricated Aluminum Metal Canopies,UXON,false,Special screen exam HPV
187,Painting & Vinyl Wall Covering,PESV,true,Tobacco use dis-antepart
188,Fire Sprinkler System,KORT,true,Papilledema w incr press
189,Roofing (Metal),HOUQ,false,Mixed lymphosarc inguin
190,Structural and Misc Steel (Fabrication),QDMS,true,Abn retina correspond
191,Masonry,YEER,true,Hodgkins paragran abdom
192,Termite Control,BFXJ,true,Comp-oth vasc dev/graft
193,Termite Control,DQIA,false,Cerebel lacerat-coma NOS
194,RF Shielding,OMYF,true,Hx systemc steroid thrpy
195,Retaining Wall and Brick Pavers,KCGT,true,Presbyopia
196,Ornamental Railings,CALQ,false,Syphilis-delivered w p/p
197,Plumbing & Medical Gas,PNLN,false,Multiple contusion leg
198,Prefabricated Aluminum Metal Canopies,FQPH,true,Kyphosis in oth dis
199,Overhead Doors,ITBN,true,Rotator cuff rupture
200,Framing (Steel),SNQS,true,Toxic effect mushrooms
201,Site Furnishings,FSJN,true,Conjunctival hemorrhage
202,Painting & Vinyl Wall Covering,QRCD,false,Acute endophthalmitis
203,Asphalt Paving,ZFJQ,false,Acc poison-paraldehyde
204,Plumbing & Medical Gas,HJAU,true,Purulent endophthalm NOS
205,Asphalt Paving,NNUH,true,Vitreous prolapse
206,"Temp Fencing, Decorative Fencing and Gates",YWUG,true,Elevated sediment rate
207,Sitework & Site Utilities,IHWU,false,Unilat ing hernia w obst
208,Rebar & Wire Mesh Install,UOLD,false,Anhidrosis
209,Sitework & Site Utilities,DLNU,true,Ankle enthesopathy NEC
210,Electrical,XZVW,false,Fx gr tuberos humerus-cl
211,Structural and Misc Steel (Fabrication),LQNK,false,Disproportion NEC-deliv
212,Waterproofing & Caulking,KAJI,true,Crbl art oc NOS wo infrc
213,RF Shielding,FRMJ,true,Endocard cushion def NEC
214,Hard Tile & Stone,YBAY,true,Myotonia congenita
215,Elevator,MBKT,false,Burn NOS leg-multiple
216,Rebar & Wire Mesh Install,PPZZ,false,Artific skin repl status
217,Construction Clean and Final Clean,XLOG,true,Late vomit of preg-unsp
218,Structural & Misc Steel Erection,XBRZ,false,"Bladder rupt, nontraum"
219,Roofing (Metal),ICMF,true,Scotoma of blind spot
220,Granite Surfaces,WIYF,true,Act myl leuk w rmsion
221,Elevator,WDHT,false,"Row,canoe,kayk,raft,tube"
222,Landscaping & Irrigation,YNZF,true,Myogenic ptosis
223,Electrical,WZSU,false,Hodgkins paragran spleen
224,Sitework & Site Utilities,OHSI,false,"Amputat arm, unilat NOS"
225,Drilled Shafts,RMTM,false,Foreign bdy vulva/vagina
226,Asphalt Paving,FRKD,true,Tubal ligation status
227,Marlite Panels (FED),GYDJ,false,Urethral instability
228,"Temp Fencing, Decorative Fencing and Gates",IFTC,true,Compl del NEC-del w p/p
229,Drywall & Acoustical (MOB),RNVH,true,Pyrophos cryst-mult
230,Fire Sprinkler System,YKYN,false,Cryptosporidiosis
231,Landscaping & Irrigation,WYOF,true,Tubrclma sp cord-cult dx
232,Drywall & Acoustical (FED),QOHN,true,Ear problems NEC
233,Drywall & Acoustical (FED),GXYZ,false,Radiat fetal damag-deliv
234,Roofing (Metal),PDNL,true,One eye-mod/other-unknwn
235,Soft Flooring and Base,DGFM,false,Disloc acromioclavic-cl
236,Roofing (Asphalt),FGGM,false,Cracked nipple-postpart
237,Site Furnishings,JEMR,true,Concussion w coma NOS
238,Casework,EMAJ,false,Enterococcus group d
239,Rebar & Wire Mesh Install,LNSW,false,Gu TB NOS-unspec
240,Prefabricated Aluminum Metal Canopies,XBBE,false,Schizophrenia NEC-remiss
241,Curb & Gutter,MAUF,true,Cnsl prnt-biol chld prob
242,"Temp Fencing, Decorative Fencing and Gates",QNHF,true,Frostbite of face
243,Soft Flooring and Base,CCZG,false,Acquired hemophilia
244,Prefabricated Aluminum Metal Canopies,IRRI,true,Ac on chr syst hrt fail
245,Glass & Glazing,LTSM,true,Mal neo long bones leg
246,Structural & Misc Steel Erection,TEHY,false,Fx shaft tibia w fib-opn
247,Framing (Steel),DYEQ,false,Osteoarthros NOS-ankle
248,Granite Surfaces,WMSD,true,Repetit sleep intrusion
249,Overhead Doors,GHPA,false,Subarach hem-deep coma
250,Prefabricated Aluminum Metal Canopies,NFJD,true,Aircrft acc NEC-pers NEC
251,Framing (Wood),NAPC,false,TB of ear-oth test
252,Masonry,PFTD,false,Mycobacterial dis NEC
253,Prefabricated Aluminum Metal Canopies,RCQD,false,Sprain metatarsophalang
254,Termite Control,YYGT,false,Toxic effect chromium
255,Structural & Misc Steel Erection,FNKO,true,Rat-bite fever NOS
256,Sitework & Site Utilities,LLNU,true,Contagious pustular derm
257,Casework,WJJF,false,Cong salivary fistula
258,Electrical,STKX,false,Fx larynx/trachea-closed
259,Plumbing & Medical Gas,TWNX,true,Plateau iris syndrome
260,Roofing (Asphalt),GKDD,false,Puerp pyrexia-postpartum
261,Fire Sprinkler System,ZZJN,false,Asympt postmeno status
262,Casework,WDMI,true,Periph enthesopathy NEC
263,Structural & Misc Steel Erection,KSXI,true,Obst chr bronc w/o exac
264,Landscaping & Irrigation,EUNC,false,Dis phosphorus metabol
265,Waterproofing & Caulking,OFPC,true,Emotional lability
266,Granite Surfaces,NLTK,false,Tachycardia NOS
267,Drywall & Acoustical (MOB),NFJD,false,Hx of leukemia NOS
268,Ornamental Railings,YWJM,false,Resp TB NEC-oth test
269,Painting & Vinyl Wall Covering,CBSV,true,Open wnd finger w tendon
270,Construction Clean and Final Clean,AGSC,true,3rd deg burn trunk NEC
271,Ornamental Railings,FPFY,true,Cave-in NOS
272,Termite Control,JZKA,true,Hx-sulfonamides allergy
273,"Temp Fencing, Decorative Fencing and Gates",ZXTH,true,Postperfusion forgn body
274,Drilled Shafts,KGND,false,DMI oth coma uncontrold
275,Landscaping & Irrigation,LDSQ,false,BPH w urinary obs/LUTS
276,Termite Control,YPRY,false,Mal neo tonsillar fossa
277,Soft Flooring and Base,DNXJ,true,Lambert-Eaton synd neopl
278,Waterproofing & Caulking,RPPL,false,Kidney laceration-closed
279,Wall Protection,BMLP,false,Thyrotoxic exophthalmos
280,EIFS,OFWA,false,Tubal preg w intra preg
281,RF Shielding,XVXR,true,Mv-train coll-ped cycl
282,Exterior Signage,PZRR,false,Effusion NEC exc tb
283,Retaining Wall and Brick Pavers,KYNC,false,Loc osteoarth NOS-ankle
284,Granite Surfaces,NANP,true,Benign neoplasm thymus
285,Exterior Signage,BCPY,false,Human bite - assault
286,Glass & Glazing,KRAM,false,Osteitis condensans
287,Framing (Steel),LDCY,true,Screen-schistosomiasis
288,Wall Protection,UVQI,true,"AMI inferolateral,unspec"
289,Granite Surfaces,HIHW,false,"Terrorism,dest aircraft"
290,Wall Protection,NVSN,true,Mycosis fungoides head
291,Electrical,XOXT,false,Bundle branch block NOS
292,Framing (Wood),DYRG,true,Hx-drug allergy NEC
293,Wall Protection,AIZL,true,Lymphogranuloma venereum
294,Prefabricated Aluminum Metal Canopies,WQKE,false,Inf arthrit NOS-oth site
295,Framing (Wood),FJME,false,High-risk rx NEC exam
296,Framing (Wood),FEFD,false,Machinery acc-docker
297,Masonry & Precast,JALK,true,Oth col-stnd-obj-per NOS
298,Granite Surfaces,KFFM,false,3rd deg burn forearm
299,Rebar & Wire Mesh Install,ZJNZ,false,Benign neo lymph nodes
300,Overhead Doors,BKLL,false,Congenital hypothyroidsm
301,Construction Clean and Final Clean,KYUG,true,Malig neo disseminated
302,Retaining Wall and Brick Pavers,DUCF,true,Joint dis NOS-mult jts
303,Elevator,YMGN,true,Thyroid dysfunc-deliver
304,Electrical and Fire Alarm,YICK,true,Fetal cns malfor-antepar
305,Asphalt Paving,TQKU,true,Suprcondyl fx humerus-cl
306,Sitework & Site Utilities,VAUB,false,Obsv-adolesc antisoc beh
307,Masonry,FGAM,false,Allerg arthritis NEC
308,Curb & Gutter,CPGC,false,Spleen disease NOS
309,EIFS,EFUS,false,Corneal edema NOS
310,Fire Protection,QHXV,true,Congenital torticollis
311,Granite Surfaces,ZHBO,true,Longitudinal defic foot
312,Ornamental Railings,MKLF,false,Vogt-koyanagi syndrome
313,Framing (Steel),GLEZ,false,Adv eff anesthesia NOS
314,Framing (Wood),ZZTR,true,Adv eff cns stimulnt NEC
315,Masonry,XWMB,false,Fx coronoid pro ulna-opn
316,Drywall & Acoustical (FED),XESU,true,Ch embl internl jug vein
317,Waterproofing & Caulking,SIOG,false,Cryptogenic organiz pneu
318,Glass & Glazing,UXED,true,Ac erth/erylk in relapse
319,Waterproofing & Caulking,DZXI,false,Protein-cal malnutr NEC
320,RF Shielding,KVJA,true,Malig neo skin ear NOS
321,Roofing (Metal),HPLX,false,Rugby
322,"Doors, Frames & Hardware",DTDT,true,Poisoning-barbiturates
323,HVAC,UJEB,false,Frontal lobe syndrome
324,Overhead Doors,KCST,true,Ac allergic mucoid OM
325,Ornamental Railings,HFEN,false,Nox sub NOS aff NB/fetus
326,Drywall & Acoustical (FED),ZVSA,false,Gangrene
327,Painting & Vinyl Wall Covering,TCLW,true,Hypertension NOS
328,Framing (Wood),IREK,true,Twin gest-plac/sac undet
329,Plumbing & Medical Gas,VCFF,false,Venous compl NOS-postpar
330,Sitework & Site Utilities,VPAS,false,Prs ara wo inf/ntr w st
331,Curb & Gutter,BWRO,true,Cord compress NEC-deliv
332,Framing (Wood),ZXSQ,true,Prblm rltd lfstyle NOS
333,Drywall & Acoustical (MOB),HNUZ,false,Sealpox
334,Electrical and Fire Alarm,HXLO,true,Umbil cond NEC aff NB
335,Landscaping & Irrigation,MAJG,false,Superfic inj head NEC
336,Ornamental Railings,HHWM,false,Eating disorder NEC
337,HVAC,NBHZ,true,Streptococcus unspecf
338,Termite Control,SACY,false,Great vein anomaly NEC
339,Curb & Gutter,DIIP,false,Malig neopl skin lip NOS
340,Electrical and Fire Alarm,SEZQ,false,Health supv nb 8-28 days
341,RF Shielding,QYAN,true,"Secondry iritis, infect"
342,Drywall & Acoustical (MOB),QHCN,false,Watrcrft acc NEC-swimmer
343,Masonry,XKRC,true,Scleromalacia perforans
344,EIFS,XFNE,false,Sciatica
345,Roofing (Metal),FKUF,true,Hb-SS/hb-C dis w/o crsis
346,Roofing (Metal),KMCK,false,Tooth position anom NOS
347,Waterproofing & Caulking,GLWC,false,Umbilical hernia w gangr
348,RF Shielding,IOEE,true,Cryst arthrop NOS-hand
349,Drilled Shafts,OKWB,false,Hodgkins dis NOS abdom
350,Sitework & Site Utilities,FJOT,false,Degen dis eyelid NEC
351,Asphalt Paving,FOZQ,true,C5-c7 fx-cl/cord inj NOS
352,Roofing (Metal),MDLL,false,Cong macroglossia
353,Marlite Panels (FED),ZTAN,true,Gingival recession NOS
354,Masonry,RRDN,false,Abdomen/pelvis symp NEC
355,Structural & Misc Steel Erection,XCUO,true,Hot substance accid NOS
356,Granite Surfaces,QWTJ,false,Brachial plexus lesions
357,HVAC,HASZ,false,Spinal enthesopathy
358,Sitework & Site Utilities,KBEG,false,Screen-blood dis NOS
359,Rebar & Wire Mesh Install,HTSU,false,Mal neo nervous syst NEC
360,Overhead Doors,UNGK,true,Congen obst urtroplv jnc
361,"Doors, Frames & Hardware",GMNX,false,Topical food dermatitis
362,Electrical and Fire Alarm,OGWS,false,"Pancreas, body inj-open"
363,Wall Protection,DHJS,false,2nd deg burn elbow
364,EIFS,XBJG,true,Screen-endoc/nut/met NEC
365,Framing (Steel),OJOM,true,Syphilitic myocarditis
366,EIFS,BJCM,true,Hx pathological fracture
367,Glass & Glazing,HZIY,false,Dermatomyositis
368,Framing (Wood),AKNA,false,Megaloblastic anemia NEC
369,Ornamental Railings,IHZM,false,Poison-exhaust gas
370,Granite Surfaces,MLET,false,Deep 3rd burn abdom wall
371,Casework,SPIL,false,Tox eff lead compnd NEC
372,Granite Surfaces,MSID,false,Cervical root injury
373,Elevator,IRBV,true,Flu-2009 H1N1 w oth resp
374,Rebar & Wire Mesh Install,XRZZ,false,Trans cereb ischemia NEC
375,Structural & Misc Steel Erection,APCC,false,Loss of teeth NEC
376,Roofing (Metal),CCVS,true,Chr venous hyp comp NEC
377,Electrical and Fire Alarm,KCGJ,true,Dislocat lumbar vert-cl
378,Curb & Gutter,CRRV,false,Tracheoesophageal fstula
379,Granite Surfaces,KJHT,true,Contour restore tooth
380,Marlite Panels (FED),BMZL,true,Malocc- Angle's class I
381,Drywall & Acoustical (MOB),LVFF,false,Mycotic arthritis-l/leg
382,Fire Sprinkler System,SFQU,false,Olecranon bursitis
383,Sitework & Site Utilities,VQNA,false,Dicalc phos cryst-pelvis
384,RF Shielding,IGQB,false,Asept necro femur condyl
385,Drilled Shafts,YRUV,true,Chr maxillary sinusitis
386,Marlite Panels (FED),BQZI,false,Economic problem
387,Fire Sprinkler System,VPBP,true,Fire in bldg-fumes NOS
388,Roofing (Metal),KCGE,true,Swelling or mass of eye
389,Site Furnishings,YDYL,false,Fetal distress-antepart
390,Masonry & Precast,LIPA,true,Spon ab w pel damag-comp
391,Fire Sprinkler System,JLGO,true,Ac/subac bact endocard
392,Fire Sprinkler System,PNNI,false,W/craft fall NOS-unpow
393,Ornamental Railings,JFGV,false,Psychogenic disorder NEC
394,Epoxy Flooring,MIXY,false,Twin NOS-nonhosp
395,Retaining Wall and Brick Pavers,MUWZ,true,Screening for gout
396,Marlite Panels (FED),DMNJ,false,Abdmnal pain lft up quad
397,Electrical,DEZK,false,Int inf e coli entrnvsv
398,Overhead Doors,EIZB,false,Mgkrcyt leuk wo ach rmsn
399,Structural and Misc Steel (Fabrication),UQIP,true,Obsessive-compulsive dis
400,Masonry,GAPO,true,Stomach cont asp w resp
401,Casework,TVCX,true,Sprain of wrist NOS
402,Electrical and Fire Alarm,ZDEZ,true,Cereb degeneration NOS
403,Electrical,XAVR,false,Ant disloc humerus-open
404,Hard Tile & Stone,EDFH,false,Impulse control dis NOS
405,Waterproofing & Caulking,GDQX,false,Chr sup otitis media NOS
406,Rebar & Wire Mesh Install,JDNA,false,Special screen exam HPV
407,Plumbing & Medical Gas,QPBX,true,Spf sts - kpsi's sarcoma
408,Epoxy Flooring,WKST,true,Poison-sedat/hypnotic
409,Masonry,TCAA,true,Psychomotor deficit
410,Exterior Signage,BJBM,false,Letterer-siwe dis head
411,Electrical and Fire Alarm,XTLM,false,Fx neck of femur NOS-cl
412,Granite Surfaces,ZDJH,false,Glauc stage-ster induced
413,Drilled Shafts,KDIE,false,Fall from snowboard
414,Roofing (Asphalt),PTUE,false,Primary apnea of newborn
415,Fire Protection,CDIK,true,Instrumnt fail-infusion
416,Structural and Misc Steel (Fabrication),TELU,true,Bowling
417,Drywall & Acoustical (FED),HRBJ,true,DMII ophth uncntrld
418,Framing (Steel),ALCA,false,Cnsl prnt-adpt chld prob
419,Construction Clean and Final Clean,HURA,false,Wound disruption NOS
420,Masonry,PDWT,false,Eosinophilic gastroent
421,Waterproofing & Caulking,ZGVO,true,Infestation NEC
422,Roofing (Asphalt),ZTWT,true,Fetal abnorm NEC-deliver
423,Roofing (Metal),ZSHB,false,Cirrhosis of liver NOS
424,Sitework & Site Utilities,QKYF,true,"Mucositis cerv,vag,vulva"
425,Exterior Signage,FWTF,true,Burkitt's tumor head
426,Construction Clean and Final Clean,BARU,false,Effects of thirst
427,"Temp Fencing, Decorative Fencing and Gates",JKRL,false,Conn's syndrome
428,Soft Flooring and Base,YKIY,false,Elderly multigravida-del
429,Casework,FHWJ,true,Kidney transplant status
430,Drywall & Acoustical (MOB),QGHR,true,Vulvodynia NOS
431,"Temp Fencing, Decorative Fencing and Gates",XLTH,false,Retinoshisis or cyst NEC
432,Termite Control,AKIE,true,Burn internal organ NOS
433,Framing (Steel),MMAW,false,Pap smear cervix w LGSIL
434,Landscaping & Irrigation,LZPC,true,TB limb bones-exam unkn
435,Electrical,YIGP,true,Retained wood fragments
436,Drywall & Acoustical (FED),XNYF,false,Tubrclma mening-no exam
437,Structural and Misc Steel (Fabrication),YMBL,true,Fail sterile perfusn NEC
438,EIFS,BFCO,false,Prim uterine inert-deliv
439,Waterproofing & Caulking,WRIL,true,Hx inhaled steroid thrpy
440,Marlite Panels (FED),OYIO,false,Ped cycl acc-ped cyclist
441,Glass & Glazing,HDDT,true,Malig neo tongue NEC
442,Asphalt Paving,OFCA,true,Diabetes insipidus
443,Structural and Misc Steel (Fabrication),KJYZ,true,TB lung w cavity-cult dx
444,Framing (Wood),PHUP,false,Histoplasmosis meningit
445,Drywall & Acoustical (FED),PLBB,true,Screen-bact conjunctivit
446,Hard Tile & Stone,OEWX,false,DMII circ nt st uncntrld
447,Drywall & Acoustical (MOB),UMLL,false,Observ-work accident
448,Roofing (Asphalt),MORW,false,Upper resp dis NEC/NOS
449,Construction Clean and Final Clean,AYFM,false,Deliver-single liveborn
450,Prefabricated Aluminum Metal Canopies,YYFL,true,"Thalassemia, unspecified"
451,Soft Flooring and Base,DTEJ,true,Mal neo sclp/skn nck NEC
452,"Doors, Frames & Hardware",IRGV,true,Malocclusion NOS
453,Wall Protection,CTYX,false,Malig neo supraglottis
454,Retaining Wall and Brick Pavers,EWLR,true,Fissural cysts of jaw
455,Casework,BWCS,true,Fx carpal bone NOS-close
456,Wall Protection,HHWF,false,Abn basal metabol study
457,HVAC,QJWS,true,Benign neoplasm thymus
458,Electrical and Fire Alarm,CZVP,false,TB of bladder-unspec
459,Retaining Wall and Brick Pavers,ZJET,true,Cerebrovasc dis-antepart
460,Retaining Wall and Brick Pavers,NCZZ,true,"Sed,hyp,anxiolytc ab-rem"
461,Electrical,VHGH,false,Chr pulmonary embolism
462,RF Shielding,HMSH,false,Malig neopl skin lip NOS
463,HVAC,HNGZ,false,Watercraft acc NEC-skier
464,Overhead Doors,WGGU,true,CV dis NEC preg-deliver
465,Hard Tile & Stone,HUPH,false,Galactocele
466,Ornamental Railings,MIEY,false,RR acc w explos-pedest
467,Epoxy Flooring,NIAN,false,Dependent personality
468,Epoxy Flooring,UEET,false,Von willebrand's disease
469,Rebar & Wire Mesh Install,DBFU,true,Joint symptom NEC-pelvis
470,Casework,URLT,true,React-nerv sys dev/graft
471,Glass & Glazing,PYHS,true,Op subarach hem-coma NOS
472,Drywall & Acoustical (FED),NFXJ,false,"BMI between 19-24,adult"
473,Fire Sprinkler System,LXRB,true,Vasa previa-delivered
474,Electrical,LGKX,true,Ab ftl hrt rt/rh dur lab
475,Exterior Signage,DBCD,true,Loc 2nd osteoarthro-hand
476,Roofing (Metal),DIRU,false,Aftercare organ transplt
477,Electrical,JTBB,true,Development delay NOS
478,RF Shielding,TWCP,true,Contusion face/scalp/nck
479,Drilled Shafts,MPSA,true,Jt stiffness NEC-shlder
480,Framing (Steel),RSMR,true,Atresia small intestine
481,Marlite Panels (FED),KIVZ,true,Blood in stool
482,Painting & Vinyl Wall Covering,OPBA,true,Dislocat knee NOS-open
483,Plumbing & Medical Gas,ZSKG,false,TB lung fibros-oth test
484,Landscaping & Irrigation,NAFH,true,Prim TB complex-oth test
485,Plumbing & Medical Gas,UEGH,false,Undetermin circ-handgun
486,Prefabricated Aluminum Metal Canopies,JIWC,true,Conjunctiva pigmentation
487,Drilled Shafts,RZWL,true,Ascending colon inj-clos
488,Drilled Shafts,BSCS,false,Mycotic arthritis-l/leg
489,Marlite Panels (FED),DGZI,false,Unkn cause morb/mort NEC
490,"Temp Fencing, Decorative Fencing and Gates",KARM,false,Acc cut/hem-perfusn NEC
491,Waterproofing & Caulking,VUWN,true,Pois-cephalosporin group
492,Drywall & Acoustical (MOB),GGUO,false,Werdnig-hoffmann disease
493,Framing (Wood),WVZY,false,Dvrtcli sml int w hmrhg
494,RF Shielding,DKAJ,true,Mech com pros jt implant
495,Overhead Doors,TCYW,true,Leg ab w compl NOS-comp
496,Electrical and Fire Alarm,JIGK,false,Scarlet fever
497,Soft Flooring and Base,GCBI,false,Cervical agenesis
498,Soft Flooring and Base,TYHP,false,Screen-iron defic anemia
499,Site Furnishings,DJOL,true,Agoraphobia w/o panic
500,Landscaping & Irrigation,XIFB,false,BPH NOS w/o ur obs/LUTS
501,EIFS,PWME,false,"Neural hear loss, unilat"
502,Sitework & Site Utilities,OPWO,false,Syphilitic optic atrophy
503,Curb & Gutter,EZJP,true,Prog ext ophthalmoplegia
504,Site Furnishings,VOHL,false,Malig neo exocervix
505,Soft Flooring and Base,CACH,true,Autonomic dysreflexia
506,Termite Control,IEPW,false,Knife/sword/dagger acc
507,"Doors, Frames & Hardware",XIMA,true,3rd deg burn ankle
508,Electrical,WCJN,true,Trichomoniasis NOS
509,Sitework & Site Utilities,GFIG,false,Macrostomia
510,Fire Protection,GBUW,true,Retinal vasc occlus NOS
511,Landscaping & Irrigation,FXXF,false,Dis amino-acid metab NOS
512,Drywall & Acoustical (FED),IRPO,true,Ac on chr diast hrt fail
513,Marlite Panels (FED),MZRC,true,Open wound nasal sinus
514,EIFS,EYLN,false,Fetal hematologic-deliv
515,Framing (Steel),EDNW,false,Oth coll stn obj-cyc psg
516,RF Shielding,KEVD,true,Comp-unsp device/graft
517,Masonry & Precast,XCAV,true,Mal neo post mediastinum
518,Electrical,GPJY,false,Sec malig neo urin NEC
519,Structural & Misc Steel Erection,LIHF,false,Trans hyperten preg-unsp
520,Roofing (Asphalt),HKFC,true,Joint dis NOS-shlder
521,Casework,FGHX,true,Screen lipoid disorders
522,Masonry,EXXH,false,Chr ischemic hrt dis NOS
523,EIFS,DCZG,false,Abn cardiovasc study NEC
524,"Temp Fencing, Decorative Fencing and Gates",FVXP,true,Benign neo larynx
525,Curb & Gutter,SRGW,true,Urinostomy status NEC
526,RF Shielding,QDBK,false,Breast abscess-delivered
527,Structural & Misc Steel Erection,SJAP,true,Placental polyp-unspec
528,Casework,NIAV,true,Int inf e coli entrpath
529,Soft Flooring and Base,ZQAP,false,Mechanical prob w head
530,Roofing (Asphalt),VBFP,false,Viral hep carrier NEC
531,Retaining Wall and Brick Pavers,YKVQ,true,Oth off-road mv-anim rid
532,Framing (Steel),FJZZ,false,Chr proliferat nephritis
533,Marlite Panels (FED),YJOK,true,3rd deg burn neck
534,"Doors, Frames & Hardware",XTPN,false,Sec hyprprthyrd nonrenal
535,Framing (Steel),RPFA,false,Coag def hemorr-antepart
536,"Doors, Frames & Hardware",JEZQ,false,Damage to pelvic jt-unsp
537,Granite Surfaces,PSRU,true,Adv eff diphther vaccine
538,Framing (Steel),NXTV,false,Episdic tension headache
539,EIFS,DPFQ,true,Mal neo male breast NEC
540,EIFS,KGIA,false,Poisoning-bromine compnd
541,RF Shielding,DFHZ,true,Sprain thoracic region
542,Epoxy Flooring,IIOZ,false,Phthirus pubis
543,Construction Clean and Final Clean,RDNE,false,"NB intravn hem,grade iii"
544,Prefabricated Aluminum Metal Canopies,UCME,true,2nd deg burn head-mult
545,Glass & Glazing,MAGB,true,Hx of myeloid leukemia
546,EIFS,DFEO,false,Mitral/aortic stenosis
547,Asphalt Paving,ZYUJ,false,Vitreous abscess
548,Electrical,WYZO,false,RR coll NOS-passenger
549,Painting & Vinyl Wall Covering,GQTE,false,Breast inf NOS-antepart
550,Framing (Steel),SBNF,false,Alkal burn cornea/conjun
551,Epoxy Flooring,RJCJ,true,Acute postop pain NEC
552,Framing (Wood),VRMV,true,Prolonged 1st stage-unsp
553,Marlite Panels (FED),AEEL,true,Trunk injury-sites NEC
554,Overhead Doors,XFXU,true,Hyperaldosteronism NOS
555,Prefabricated Aluminum Metal Canopies,LMPZ,true,Colon injury NOS-closed
556,RF Shielding,UUPQ,true,Prolong labor NOS-deliv
557,Termite Control,YFCB,true,Pervasv dev dis-cur NEC
558,Drilled Shafts,DWNS,false,Venomous bite/sting NOS
559,Curb & Gutter,BLFU,true,Fem genital fistula NOS
560,Ornamental Railings,SFLV,false,Erythem nod tb-micro dx
561,Plumbing & Medical Gas,MCKU,true,Pulmonary mycobacteria
562,Plumbing & Medical Gas,UZFO,false,Nonpyogenic meningitis
563,Framing (Steel),ZQSO,false,Dental caries - arrested
564,RF Shielding,CQCF,false,Person living alone
565,Retaining Wall and Brick Pavers,SAAE,false,Glauc stage-ster induced
566,Masonry,KIFS,true,Old hyperten NEC-postpar
567,Electrical,PQCP,false,Jt derangment NOS-pelvis
568,Glass & Glazing,TPFZ,true,Lack of adequate sleep
569,Framing (Steel),IOWE,true,"AMI lateral NEC, unspec"
570,Fire Sprinkler System,OUGX,true,Lt-for-dates 2500+g
571,Hard Tile & Stone,XSRS,false,Acute miliary tb-unspec
572,Wall Protection,GAVK,true,Parasomnia oth diseases
573,Masonry & Precast,EOIH,true,Alkal burn cornea/conjun
574,Exterior Signage,MNBT,true,Adv eff antiasthmatics
575,Structural & Misc Steel Erection,DPPB,false,Incisional hernia
576,Fire Sprinkler System,XULY,true,Initial lesions yaws
577,Prefabricated Aluminum Metal Canopies,EZKW,false,Ch DVT/embl prox low ext
578,Electrical,RZAR,true,Lichen planus
579,Drilled Shafts,LOWP,false,Injuries to scalp NEC
580,Electrical and Fire Alarm,VBBE,false,Occupationl circumst NEC
581,Structural & Misc Steel Erection,UCSA,false,Other vd-postpartum
582,Marlite Panels (FED),FBXN,true,Appendix injury-open
583,Glass & Glazing,NYYX,true,Radiotherapy convalescen
584,EIFS,ICYF,true,Pois-typh/paratyph vacc
585,"Doors, Frames & Hardware",QYOP,false,Mild intellect disabilty
586,Asphalt Paving,AHIU,false,Pyrophos cryst-mult
587,Structural and Misc Steel (Fabrication),TSLX,false,Ocl bslr art w infrct
588,Electrical and Fire Alarm,DDFP,true,Microtia
589,Marlite Panels (FED),BBAV,false,Intest helminthiasis NEC
590,Masonry & Precast,JHVR,false,Suffocat in bed/cradle
591,Painting & Vinyl Wall Covering,WSLD,true,TB of hip-micro dx
592,Termite Control,RCER,true,Hemangioma retina
593,Construction Clean and Final Clean,XZGB,false,Cystitis NEC
594,Plumbing & Medical Gas,VNTS,false,Impaction intestine NOS
595,Overhead Doors,VFNH,true,Pneumonic plague NOS
596,Elevator,MOFO,false,Fetal abnorm NEC-deliver
597,EIFS,PKBT,true,Transitory ileus of NB
598,Sitework & Site Utilities,XFUU,true,Malocc- Angle's class I
599,Structural & Misc Steel Erection,BIUW,true,Dysplasia of cervix NOS
600,Drilled Shafts,OQDY,true,Brain hem NEC-brief coma
601,Structural & Misc Steel Erection,RMAL,true,Asslt-transport vehicle
602,"Doors, Frames & Hardware",QRPN,false,Ac marginal ulcer w perf
603,Roofing (Metal),SVHL,true,Alt esotropia w v pattrn
604,Fire Sprinkler System,BDJL,false,Bran-chain amin-acid dis
605,RF Shielding,YUPC,false,Accessory carpal bones
606,Plumbing & Medical Gas,RNEM,true,Oth anom pul artery/circ
607,Site Furnishings,RATR,false,Dislocat vertebra NEC-cl
608,Rebar & Wire Mesh Install,AZPP,false,Op skl base fx-prol coma
609,Epoxy Flooring,IUHJ,true,Adv eff anti-common cold
610,Electrical,VSHZ,true,Gymnastics
611,Retaining Wall and Brick Pavers,AKLI,true,Acute & chronc resp fail
612,Termite Control,RZAD,false,Unc behav neo larynx
613,Roofing (Metal),TDMP,true,Pediculosis NOS
614,Marlite Panels (FED),RUJV,false,Mal neo spermatic cord
615,Structural and Misc Steel (Fabrication),QYCT,true,Housing/econo circum NEC
616,Ornamental Railings,NCOH,false,Primary iridocyclitis
617,Soft Flooring and Base,FBGD,false,Periodontal disease NEC
618,Waterproofing & Caulking,UEPT,false,Spstc hmiplga unspf side
619,Termite Control,VVKG,true,3rd degree burn NOS
620,Construction Clean and Final Clean,TKBT,false,Cat-scratch disease
621,Plumbing & Medical Gas,XSYS,false,Episodic mood disord NEC
622,Drywall & Acoustical (MOB),SWWV,false,Rappelling
623,Glass & Glazing,BIIQ,false,Cri-du-chat syndrome
624,"Doors, Frames & Hardware",OINE,true,Mv brd/alight-anim rider
625,Exterior Signage,NEOE,false,Simple buphthalmos
626,Hard Tile & Stone,RKNY,false,Deep 3rd deg burn NOS
627,Rebar & Wire Mesh Install,WMBO,false,Mal neo sclp/skn nck NEC
628,Soft Flooring and Base,ELVJ,false,Yellow fever NOS
629,RF Shielding,LKOK,true,CV dis NEC preg-deliver
630,Glass & Glazing,GXJC,false,Isol trach tb-exam unkn
631,Marlite Panels (FED),ASXM,false,TB of vertebra-micro dx
632,Hard Tile & Stone,KTGG,true,Inf arthrit NEC-oth site
633,"Temp Fencing, Decorative Fencing and Gates",GFKU,false,Cheyne-stokes respiratn
634,Construction Clean and Final Clean,BJZT,true,Periostitis-hand
635,HVAC,RPTR,true,Early complic trauma NEC
636,Plumbing & Medical Gas,XWRM,true,Old lacer pelvic muscle
637,Painting & Vinyl Wall Covering,XQPF,false,Neuroleptic malgnt synd
638,Prefabricated Aluminum Metal Canopies,MPPD,true,TB of vertebra-exam unkn
639,Landscaping & Irrigation,NVXI,true,Injury-jump fm struc NEC
640,Masonry & Precast,DEAH,false,Doubling of uterus
641,Casework,MLHC,false,Late vomit of preg-deliv
642,Drilled Shafts,GNWJ,false,Male genetc test dis car
643,Glass & Glazing,QCUT,true,Malignant neo spleen NEC
644,Framing (Wood),ACIL,true,Communicat hydrocephalus
645,Structural and Misc Steel (Fabrication),YCSH,true,Candidiasis site NEC
646,Roofing (Asphalt),WQZI,true,Fall NOS
647,HVAC,BYTJ,false,Bronchus injury-closed
648,Drilled Shafts,PUMO,false,Transfusion reaction NEC
649,Asphalt Paving,MPMN,true,Crush inj face scalp
650,Epoxy Flooring,OOIZ,true,Diabetic macular edema
651,Structural & Misc Steel Erection,IEAM,true,Retained dental root
652,Overhead Doors,UFNO,false,Tooth devel/erup dis NOS
653,Structural & Misc Steel Erection,TROI,true,Benign neo hypopharynx
654,Structural & Misc Steel Erection,SPUD,false,Cardiac arrest
655,Framing (Wood),HGUW,false,Abdmnal tndr generalized
656,Marlite Panels (FED),VTZZ,true,Ca in situ skin trunk
657,Masonry,UZSS,false,Bipol I sing man rem NOS
658,"Doors, Frames & Hardware",DGQI,true,Sus amntc cav/mem nt fnd
659,Fire Sprinkler System,KJWK,true,Sprain NEC
660,Epoxy Flooring,TFSZ,false,Herpes simplex eye NEC
661,Curb & Gutter,FBGX,true,Old disrupt knee lig NEC
662,Prefabricated Aluminum Metal Canopies,IWBF,true,Hyperparathyroidism NOS
663,Prefabricated Aluminum Metal Canopies,TDAG,true,Epistaxis
664,Painting & Vinyl Wall Covering,PMFB,false,Postinjection forgn body
665,Exterior Signage,GPFE,true,Intraocular FB NEC
666,Roofing (Metal),XXYX,false,Mult anom anter seg-eye
667,Framing (Wood),IPGE,true,Non-healing surgcl wound
668,Soft Flooring and Base,MDTW,false,Cervical shortening-del
669,Prefabricated Aluminum Metal Canopies,PADW,false,Traumatic cataract NOS
670,Construction Clean and Final Clean,LAGV,true,Aplastic anemias NEC
671,Sitework & Site Utilities,OBRI,false,Large cell lymph xtrndl
672,Asphalt Paving,EHEJ,true,Mgkrycyt leuk w rmsion
673,Roofing (Asphalt),BBCH,true,Cholera contact
674,Hard Tile & Stone,JSXI,true,Schizoaff dis-subch/exac
675,Waterproofing & Caulking,QYYW,true,"Polydactyly, toes"
676,Electrical,IGKD,false,Tot circmpap choroid dys
677,"Temp Fencing, Decorative Fencing and Gates",IZUI,false,Comp-oth cardiac device
678,Construction Clean and Final Clean,ASCC,false,Fx up tibia w fibula-cl
679,Retaining Wall and Brick Pavers,SVHA,true,Evans' syndrome
680,Sitework & Site Utilities,WRWX,true,Malfunc card dev/grf NEC
681,EIFS,EXOS,false,Superficial inj cornea
682,Roofing (Metal),DIZE,false,Mult lb/sb-in hos w/o cs
683,Masonry,TAPI,false,Mysthna grvs w/o ac exac
684,Fire Sprinkler System,UZMU,false,Vitamin Deficiency NOS
685,Roofing (Metal),YQBZ,false,Injury ulnar vessels
686,Roofing (Metal),HBBV,true,Ca in situ bladder
687,Curb & Gutter,OURO,false,Perinat GI sys dis NOS
688,Site Furnishings,HOSI,false,Oth mal neo skn site NOS
689,Roofing (Metal),EGLC,true,Injury uterine artery
690,Overhead Doors,PCUP,true,Lt-for-dates 750-999g
691,Site Furnishings,WMWE,true,Desensitiza to allergens
692,Hard Tile & Stone,HMFC,true,Deep 3rd burn trunk NOS
693,Structural & Misc Steel Erection,ZBBL,true,Exostosis ext ear canal
694,Waterproofing & Caulking,JHJS,true,Benign neo skin leg
695,Waterproofing & Caulking,QVNG,true,Rickettsialpox
696,Elevator,JANL,true,Pulm interstitl glycogen
697,Granite Surfaces,GOHZ,false,Postvaricella myelitis
698,Electrical,RQMB,true,"Sensory hear loss,unilat"
699,RF Shielding,MDHM,false,Cl skl w oth fx w/o coma
700,Drywall & Acoustical (FED),LKLE,true,Chr nonsup OM NOS/NEC
701,Prefabricated Aluminum Metal Canopies,ZVHZ,true,Mv brd/alight-ped cycl
702,Retaining Wall and Brick Pavers,AGPX,true,Decrease fetl movmt unsp
703,Landscaping & Irrigation,HDBB,true,Hypopyon
704,Roofing (Metal),LGRL,true,Necrobacillosis
705,Waterproofing & Caulking,XYLB,false,Autosomal anomalies NEC
706,Waterproofing & Caulking,BAVW,false,Bartonellosis
707,Waterproofing & Caulking,HGPJ,true,Pois-sedative/hypnot NOS
708,Masonry,IVZS,false,RR coll NOS-person NEC
709,Drywall & Acoustical (MOB),PQFF,false,Mv traff acc-anim rider
710,Waterproofing & Caulking,KKXR,false,Bilat inguinal hernia
711,Glass & Glazing,UYPC,false,Myelofi w myelo metaplas
712,Asphalt Paving,XIVY,true,Joint dis NOS-up/arm
713,Wall Protection,DZGX,true,Disorder of coccyx NOS
714,Soft Flooring and Base,FIYS,false,Ac mono leu wo achv rmsn
715,Fire Protection,BDPQ,true,Rupture of synovium NEC
716,Drywall & Acoustical (MOB),CJPF,true,Triplet preg-antepartum
717,Glass & Glazing,RAGC,false,Chr mucoid OM simp/NOS
718,Termite Control,CMNX,false,Ect preg NEC w/o int prg
719,"Temp Fencing, Decorative Fencing and Gates",OQIC,false,Oth abn fet dispro-antep
720,Framing (Wood),AUPA,false,Abn urine findings NEC
721,Elevator,DTHS,false,Anterior synechiae
722,Casework,HXOO,false,Obesity-delivered w p/p
723,EIFS,OCQN,true,Dissection artery NEC
724,Structural & Misc Steel Erection,ZGHG,true,Alt exotrop w x/y pattrn
725,Prefabricated Aluminum Metal Canopies,VVYU,true,Hx of leukemia NEC
726,EIFS,KFTR,true,Obturator disloc hip-cl
727,Waterproofing & Caulking,RDGH,true,Intermit heterotrop NOS
728,Masonry,YSFV,true,Pulmonary actinomycosis
729,Fire Protection,KGPG,true,70-79% bdy brn/40-49% 3d
730,Retaining Wall and Brick Pavers,CKLL,false,Congen bronchiectasis
731,Electrical,AZRV,false,Cl skl w oth fx-coma NOS
732,Overhead Doors,HZSQ,false,Adv eff mineral salt NEC
733,Framing (Steel),ANOO,false,Perichondritis pinna NOS
734,Fire Sprinkler System,HAAG,false,2nd deg burn upper arm
735,Electrical,ELNK,true,Allerg arthritis-unspec
736,Roofing (Metal),KJEY,false,Benign second hypert NEC
737,"Doors, Frames & Hardware",AFSU,true,Family hx colonic polyps
738,Hard Tile & Stone,LLST,false,Superfic inj NEC-infect
739,Sitework & Site Utilities,WNZC,true,Aircrft acc NEC-pasngr
740,Electrical and Fire Alarm,BFAB,false,Adenoviral pneumonia
741,Masonry & Precast,WXAZ,true,Generalized pain
742,"Doors, Frames & Hardware",JIJR,false,Meningococc endocarditis
743,Asphalt Paving,EBMK,true,Trans arthropath-forearm
744,Curb & Gutter,MGEK,false,Malignant neopl jejunum
745,Landscaping & Irrigation,UNIG,true,Pericardial disease NOS
746,Retaining Wall and Brick Pavers,MHSJ,true,1st deg burn abdomn wall
747,Overhead Doors,HYMA,false,Neutropenic splenomegaly
748,"Doors, Frames & Hardware",DROZ,false,No family able to care
749,Curb & Gutter,RFTH,false,Imperforate hymen
750,Curb & Gutter,DIMZ,false,Ben hyp ht/kd stg V w hf
751,Structural & Misc Steel Erection,CVBV,false,Ob perineal trau NEC-del
752,Ornamental Railings,MVTS,false,FB post-catheter removal
753,Rebar & Wire Mesh Install,SQSP,false,Unc beh neo nerv sys NEC
754,Fire Protection,HMUR,true,Bronchopneumonia org NOS
755,Fire Protection,HBBG,false,Loss labyrn react unilat
756,Electrical and Fire Alarm,BELD,false,Surgical convalescence
757,Roofing (Metal),DWXC,true,Abdmnal mass lt lwr quad
758,Overhead Doors,TVXS,true,Nodular lymphoma inguin
759,Exterior Signage,XEYT,false,Cl skull vlt fx/hem NEC
760,Masonry & Precast,EOGQ,false,Venous compl NOS-postpar
761,Wall Protection,BUHF,false,TB ovary & tube-micro dx
762,Waterproofing & Caulking,XURK,false,Prst aura wo inf/ntr/st
763,Curb & Gutter,PCLR,true,"AMI inferior wall,subseq"
764,Glass & Glazing,JJFU,false,Sprain subscapularis
765,Plumbing & Medical Gas,RKGL,false,Arthropathy NOS-unspec
766,Hard Tile & Stone,DKIA,false,Adv eff mercury diuretic
767,Plumbing & Medical Gas,HTPG,true,Renal vascular disorder
768,Framing (Steel),KGAB,true,Monocular esotropia
769,Site Furnishings,YWUT,true,Chr marginal ulcer NOS
770,"Doors, Frames & Hardware",IDTF,false,Stress incontinence male
771,Plumbing & Medical Gas,BBAA,false,One eye-profound/oth-NOS
772,Construction Clean and Final Clean,KOQN,false,Ob trauma NEC-unspec
773,Site Furnishings,PZUK,false,Mv-train coll-st car
774,Plumbing & Medical Gas,ORJW,false,Subarach hem w opn wound
775,Rebar & Wire Mesh Install,UTDJ,true,Opn skul/oth fx-brf coma
776,Electrical,OEAD,false,Sprain distal tibiofibul
777,Curb & Gutter,UKFK,false,Opn wound elbow w tendon
778,Glass & Glazing,JQVU,true,Tenosynovitis foot/ankle
779,Epoxy Flooring,IDFL,false,Adv eff hydantoin deriv
780,Termite Control,TEGJ,true,Inf mcrg rstn oth drg ml
781,Epoxy Flooring,AZWH,false,Foreign body hip/leg
782,Roofing (Metal),ZWDB,true,Mal neo post mediastinum
783,Painting & Vinyl Wall Covering,GKEL,true,Mult open wound nose
784,Overhead Doors,WXIM,false,Ankylosis-mult joints
785,Fire Sprinkler System,HJFU,false,Prolapsed cord aff NB
786,"Doors, Frames & Hardware",VMSG,false,Post traumatic seizures
787,Electrical,KDFF,false,Hypocalcem/hypomagnes NB
788,Casework,DLZV,true,Venous tributary occlus
789,Elevator,ORDD,true,Coagulation def-deliv
790,Plumbing & Medical Gas,KCML,false,Iatrogenic pituitary dis
791,Termite Control,JLFX,false,Abrasion-enamel
792,Structural & Misc Steel Erection,EJWS,true,Occupationl circumst NEC
793,Site Furnishings,RFIY,true,Fx foot bone NEC-closed
794,Elevator,FAVN,false,Abn react-org transplant
795,Waterproofing & Caulking,QSYE,false,Blood donor NEC
796,Structural & Misc Steel Erection,QXHG,true,Pyromania
797,Granite Surfaces,CBYW,true,Lymphomas NEC spleen
798,Soft Flooring and Base,YDGM,false,Poisoning-pyrazole deriv
799,Construction Clean and Final Clean,SKDW,false,Chr uterine subinvolutn
800,Structural and Misc Steel (Fabrication),KUBL,false,Senile depressive
801,Structural & Misc Steel Erection,IYOB,true,Lumb disc dis w myelopat
802,Epoxy Flooring,VGZM,true,Adv eff antitussives
803,Glass & Glazing,ABPS,false,Mandibular hypoplasia
804,Marlite Panels (FED),GLGO,true,Paranoid personality
805,Drywall & Acoustical (FED),NVDJ,true,Compl reattached arm NEC
806,Roofing (Asphalt),WQWU,true,Family hx-malignancy NOS
807,Wall Protection,YDMT,false,Fetal-matern hem-antepar
808,Retaining Wall and Brick Pavers,XQKZ,false,Boat acc inj NEC-swim
809,Prefabricated Aluminum Metal Canopies,BYID,true,Mv brd/alight-ped cycl
810,Glass & Glazing,WUCH,false,Dysenter arthrit-mult
811,Overhead Doors,CSIK,false,Delay del 2nd twin-unsp
812,Hard Tile & Stone,JXKF,false,Palpitations
813,Glass & Glazing,ILPV,false,Irregular eye mvmnts NEC
814,HVAC,NHIL,false,Alchl gstritis w hmrhg
815,Roofing (Metal),QQAA,false,Cerebell contus w/o coma
816,EIFS,WUHD,true,Malig neo upper gum
817,"Temp Fencing, Decorative Fencing and Gates",NUNL,true,Late eff spinal cord inj
818,Hard Tile & Stone,GXDP,true,Foreign body penis
819,Hard Tile & Stone,EWOM,true,Epiphora NOS
820,Drywall & Acoustical (FED),TMYM,true,Chr osteomyelit-l/leg
821,Rebar & Wire Mesh Install,BKXU,true,Rh isoimmunizat-deliver
822,Glass & Glazing,IFCQ,true,Tetanus neonatorum
823,Electrical,IRRL,true,Hpt B acte coma w dlta
824,Asphalt Paving,ZAHR,false,Maternal infec aff NB
825,Plumbing & Medical Gas,MDNF,true,Mal neo breast low-outer
826,Prefabricated Aluminum Metal Canopies,CBPU,false,Chr serous OM NEC
827,Overhead Doors,XSCI,false,Abn retina correspond
828,Soft Flooring and Base,ADGC,true,BASE jumping
829,Masonry,GWIC,true,"Preg state, incidental"
830,Roofing (Asphalt),HWTT,true,Intestinal disorders NEC
831,Masonry & Precast,PQSB,true,Acq absence of lung
832,Plumbing & Medical Gas,ZBHC,true,Psychogenic vomiting
833,Drywall & Acoustical (MOB),VIIJ,true,Infc mcrg drgrst mult
834,Retaining Wall and Brick Pavers,LPDI,false,Sensorneur hear loss uni
835,RF Shielding,BFSS,false,Late eff CV-fluency dis
836,Exterior Signage,EURD,true,Allerg rhinitis-cat/dog
837,Site Furnishings,MUGN,false,Metastat dissem retinit
838,Wall Protection,BLCJ,true,Adv eff emoll cathartics
839,Masonry,EMNY,false,Effusion NEC exc tb
840,EIFS,YSNM,true,TB lung cavity-exam unkn
841,Roofing (Asphalt),LUSQ,false,Mandibular hypoplasia
842,HVAC,GWTE,true,Pois-ant pituitary horm
843,Exterior Signage,QPWA,false,Heredit elliptocytosis
844,Sitework & Site Utilities,FBMC,false,Quartan malaria
845,EIFS,HNVF,false,Fetal abnorm NEC-antepar
846,Plumbing & Medical Gas,OGQK,false,Fam Mediterranean fever
847,Masonry,LXST,false,Hodgkins dis NOS axilla
848,Structural & Misc Steel Erection,PXFU,true,Fetal & newborn asp NOS
849,Exterior Signage,VARH,true,Instrmnt fail-heart cath
850,Fire Protection,HELI,false,Chr duod ulc hem/perf-ob
851,Fire Protection,ESVX,true,Mult open wound nose
852,HVAC,QWHG,true,2nd deg burn trunk NEC
853,Structural & Misc Steel Erection,QQKG,false,Menstrual disorder NEC
854,Retaining Wall and Brick Pavers,LCBS,true,Acc poison-paints NEC
855,Fire Protection,JIYC,true,Fussy infant/baby
856,Rebar & Wire Mesh Install,QKXU,true,Malign neopl clitoris
857,Fire Protection,GLUX,true,Galactosemia
858,Prefabricated Aluminum Metal Canopies,YIEX,false,"Amputation leg, bilat"
859,Construction Clean and Final Clean,DYJP,true,Nasal sinus polyp NEC
860,Site Furnishings,ALDJ,false,3rd deg burn axilla
861,Framing (Wood),GPLO,true,Skin - kaposi's sarcoma
862,Framing (Wood),FPOO,false,Cord compress NEC-unspec
863,Retaining Wall and Brick Pavers,VVZX,true,Oth spcf hypoglycemia
864,Structural and Misc Steel (Fabrication),NBYR,false,Oth enteroviral cns dis
865,Electrical,QIZE,false,Hydroureter
866,Elevator,RXSF,false,Jt derangement NEC-l/leg
867,RF Shielding,HUIH,false,Infection of cystostomy
868,Curb & Gutter,MKIS,false,Fracture four ribs-close
869,Painting & Vinyl Wall Covering,BJZS,true,Joint replaced elbow
870,"Doors, Frames & Hardware",DJWS,true,Trnspl status organ NEC
871,Elevator,FKIC,true,Late eff nerve inj NEC
872,Drilled Shafts,QJOI,true,DMI renl nt st uncntrld
873,Drilled Shafts,BSVV,true,Pois tricyclc antidepres
874,Plumbing & Medical Gas,EJIJ,true,Adenoviral conjunct NEC
875,"Doors, Frames & Hardware",EKYS,true,Herpes simplex NOS
876,"Temp Fencing, Decorative Fencing and Gates",QIJA,false,Varicose vulva-postpart
877,"Temp Fencing, Decorative Fencing and Gates",ZPNF,true,TB laryngitis-histo dx
878,Electrical,OIWA,true,Thyrotox NOS w crisis
879,Electrical,BSOQ,false,Fx metacarpal shaft-open
880,Masonry & Precast,HNAB,true,Explosion-occ power boat
881,Retaining Wall and Brick Pavers,XBIC,false,"Late effect, terrorism"
882,Curb & Gutter,EPWN,true,Adv eff blood agent NOS
883,Sitework & Site Utilities,NIPF,false,TB brain abscess-cult dx
884,Masonry & Precast,SCFI,false,Abn pupil function NOS
885,Masonry,FMYX,false,Oth off-road mv-st car
886,Fire Protection,UOMN,false,Peritoneal adhesions
887,RF Shielding,EXVD,false,3rd burn w loss-forearm
888,Landscaping & Irrigation,SALG,true,Dependence on aspirator
889,Marlite Panels (FED),PSDJ,true,Volunteer activity
890,Elevator,CMAV,false,Late ef-hemiplga non-dom
891,Glass & Glazing,DHKO,true,Ac polio NOS-type 2
892,Overhead Doors,JKMV,false,Adv eff analeptics
893,Curb & Gutter,BZDA,true,Thrombophleb preg-unspec
894,Site Furnishings,EWUY,false,Poison-gas in container
895,"Doors, Frames & Hardware",IWAM,false,Opioid dependence-episod
896,Exterior Signage,ITWX,true,Bipol I currnt manic NOS
897,Masonry,ECUC,false,Ab ftl hrt rt/rhy NOS
898,"Doors, Frames & Hardware",XQOG,true,Cord entangle NEC-unspec
899,Curb & Gutter,MZZU,true,Mumps pancreatitis
900,Exterior Signage,PDIG,false,Derang post med meniscus
901,Plumbing & Medical Gas,IRYG,true,Poisoning-halothane
902,Soft Flooring and Base,VABV,false,Vitiligo
903,Drywall & Acoustical (FED),BDPD,true,Pulmonary TB NOS-unspec
904,Wall Protection,INTJ,false,Fet/plac prob NEC-deliv
905,Fire Protection,XZSR,false,Schizophr dis resid-chr
906,"Doors, Frames & Hardware",BITY,true,Viral arthritis-pelvis
907,HVAC,YICY,false,Tobacco use dis-del-p/p
908,Fire Protection,GFOJ,true,Heterophyiasis
909,Asphalt Paving,RKQK,false,Cog communicate deficit
910,Drywall & Acoustical (FED),PSUQ,true,Pityriasis rubra pilaris
911,Retaining Wall and Brick Pavers,NMNT,false,Pseudopterygium
912,Retaining Wall and Brick Pavers,ZUCF,true,Extadural hem-concuss
913,Asphalt Paving,SVUZ,false,Lat schizophren-remiss
914,Plumbing & Medical Gas,BAFU,true,Open wound thyroid gland
915,Painting & Vinyl Wall Covering,JUPF,false,Cardiomyopath in oth dis
916,Roofing (Asphalt),OTZJ,false,Chr peptic ulc w hem-obs
917,Hard Tile & Stone,LTKJ,false,Malig neo parotid
918,Fire Protection,HIOY,false,Sec DM circ nt st uncntr
919,Structural & Misc Steel Erection,QWHD,true,Fx upper humerus NEC-cl
920,RF Shielding,ZEQH,false,Herpangina
921,Marlite Panels (FED),QJQM,false,Vis/ultraviol lght expos
922,Fire Protection,MMAB,true,Erythem nod tb-exam unkn
923,Painting & Vinyl Wall Covering,VGZU,false,Pneu mycplsm pneumoniae
924,Waterproofing & Caulking,WJBR,false,Depr psychos-sev w psych
925,Hard Tile & Stone,TBAH,false,Fall into other hole
926,Landscaping & Irrigation,SISS,false,Jt stiffness NEC-l/leg
927,Drywall & Acoustical (MOB),QNZN,true,Attempted abort uncompl
928,Casework,UVXG,true,Hebephrenia-chr/exacerb
929,"Temp Fencing, Decorative Fencing and Gates",KAND,true,Pemphigoid
930,Roofing (Asphalt),STDU,true,Int derangement knee NOS
931,Drywall & Acoustical (MOB),BCJX,true,Emphysema NEC
932,Rebar & Wire Mesh Install,DSSM,false,Miliary TB NEC-micro dx
933,Granite Surfaces,MOLF,true,Acc poison-cholinergics
934,Painting & Vinyl Wall Covering,NKVV,false,Central pterygium
935,Marlite Panels (FED),IMFS,false,Mansonella ozzardi infec
936,Waterproofing & Caulking,QJSI,false,TB sp crd absc-oth test
937,Casework,TCNP,false,Infertil-cervical orig
938,Plumbing & Medical Gas,WCQD,true,Chr osteomyelit-hand
939,Ornamental Railings,WYBD,true,Viral arthritis-pelvis
940,Electrical,UGDF,false,Combined immunity defic
941,Fire Protection,YSHQ,false,Hyperemia of conjunctiva
942,Exterior Signage,NZKV,false,Poison-medicinal agt NEC
943,Sitework & Site Utilities,BSFQ,true,Sacroiliitis NEC
944,Structural & Misc Steel Erection,VHXS,true,Cystourethrocele
945,Structural & Misc Steel Erection,XQQF,true,Mental disor NEC oth dis
946,EIFS,RUWK,false,Crushing injury finger
947,Fire Sprinkler System,XJOY,true,Malig neoplasm mouth NOS
948,Curb & Gutter,KFRK,true,Ancylostoma ceylanicum
949,HVAC,OHST,false,Open wound of finger
950,Site Furnishings,IIGP,true,Scndhnd tbcco smoke
951,Marlite Panels (FED),QCVP,true,Loc 2nd osteoarthr-l/leg
952,Landscaping & Irrigation,DWAI,true,Thyrotox NOS no crisis
953,Asphalt Paving,ISYG,false,Mgrn w aur wo ntrc mgrn
954,"Temp Fencing, Decorative Fencing and Gates",OJIK,false,Oth coll w mov obj-psgr
955,Ornamental Railings,PXRI,true,Abnormal sputum
956,EIFS,CXFC,true,Fall striking sharp obj
957,Sitework & Site Utilities,GBHA,false,Uns mno leu wo ach rmsn
958,Electrical,OLIT,false,Miliary TB NOS-exam unkn
959,Exterior Signage,AJSG,true,Phacolytic glaucoma
960,Waterproofing & Caulking,COIO,true,Poisoning-androgens
961,Sitework & Site Utilities,BGNJ,true,Failure sterile surgery
962,Electrical and Fire Alarm,ZPUD,true,Mal neo soft tis pelvis
963,Epoxy Flooring,WHLL,false,Anemia in preg-unspec
964,Electrical and Fire Alarm,SLQS,true,Intest helminthiasis NOS
965,Framing (Wood),XCMK,true,Bipol I currnt mix-mild
966,Granite Surfaces,YNSB,true,Miliary TB NEC-unspec
967,Prefabricated Aluminum Metal Canopies,ELQO,false,Mult nerve root/plex inj
968,Drilled Shafts,FUEC,true,Stomatits & mucosits NEC
969,"Temp Fencing, Decorative Fencing and Gates",MRNR,true,Adv eff acetazolamide
970,Prefabricated Aluminum Metal Canopies,AWKA,false,TB bronchiect-exam unkn
971,Roofing (Metal),CFTP,false,Poison-drug/medicin NEC
972,Retaining Wall and Brick Pavers,QSTJ,false,Mult fx mandible-closed
973,Drywall & Acoustical (MOB),YACU,true,Open wnd head NEC-compl
974,Drilled Shafts,YKAC,false,Loss of height
975,Glass & Glazing,LIGJ,false,Cl skull vlt fx-coma NOS
976,Roofing (Asphalt),YBCR,false,Disfigurement neck/trunk
977,Soft Flooring and Base,FUCI,false,Ac tracheitis w obstruct
978,Prefabricated Aluminum Metal Canopies,FCIT,false,Scarlet fever
979,"Temp Fencing, Decorative Fencing and Gates",RBHW,false,Circadian rhym sleep NOS
980,Structural and Misc Steel (Fabrication),FFOE,false,Fail mod sedate dur proc
981,Retaining Wall and Brick Pavers,LFRH,false,Status amput lwr lmb NOS
982,Ornamental Railings,LHBI,true,Poison-hair/scalp prep
983,Prefabricated Aluminum Metal Canopies,OSVE,false,Hem early pg NEC-antepar
984,Masonry & Precast,YMXW,false,Gen nonconv ep w intr ep
985,HVAC,ADMA,false,Combin longit defic arm
986,Elevator,KAPX,true,Acq neck deformity
987,Termite Control,UIGY,true,T7-t12 fx-op/cen crd syn
988,Drilled Shafts,LOCL,true,Joint pain-l/leg
989,Wall Protection,RIOJ,false,Cl skul base fx w/o coma
990,Prefabricated Aluminum Metal Canopies,AKET,true,Topical food dermatitis
991,Ornamental Railings,JUKN,false,Malig neo cervix NEC
992,Electrical and Fire Alarm,KBFS,false,Burn periocular area NEC
993,Retaining Wall and Brick Pavers,RAIA,true,Pneum in infect dis NEC
994,Landscaping & Irrigation,VMYF,true,Preg w hx ectopic preg
995,Asphalt Paving,KPRI,true,Toxic effect arsenic
996,Casework,JNGJ,false,Spondylosis NOS w myelop
997,Prefabricated Aluminum Metal Canopies,TXBL,true,Joint replaced knee
998,Structural and Misc Steel (Fabrication),JTQK,false,Thrombosis NEC preg-unsp
999,Roofing (Asphalt),MTTZ,false,Cellulitis of digit NOS
1000,EIFS,PMUV,true,Psych exam-authority req
